NIP Guru,Mata Pelajaran,Kelas,Unit,Hari,Jam Mulai (HH:mm),Jam Selesai (HH:mm),Jumlah JP,Ruangan,Honor Per Sesi / Ekskul (Opsional)
PBQ-2018-002,Apel Pekanan,X (MA),MA,Senin,06:30,07:30,2,Kelas A,
PBQ-2018-002,BAHASA INDONESIA,X (MA),MA,Senin,07:30,08:30,2,Kelas A,
PBQ-2021-014,MATEMATIKA,X (MA),MA,Senin,08:30,09:30,2,Kelas A,
PBQ-2020-008,KIMIA,X (MA),MA,Senin,10:00,11:00,2,Kelas A,
PBQ-2018-002,Apel Pekanan,XI (SMK),SMK,Senin,06:30,07:30,2,Kelas B,
PBQ-2021-010,EKONOMI,XI (SMK),SMK,Senin,07:30,08:30,2,Kelas B,
PBQ-2022-019,BAHASA INGGRIS,XI (SMK),SMK,Senin,08:30,09:30,2,Kelas B,
PBQ-2018-002,BAHASA INDONESIA,XI (SMK),SMK,Senin,10:00,11:00,2,Kelas B,
PBQ-2018-002,Apel Pekanan,XII (MA),MA,Senin,06:30,07:30,2,Kelas C,
PBQ-2021-014,FISIKA,XII (MA),MA,Senin,07:30,08:30,2,Kelas C,
PBQ-2018-002,BAHASA INDONESIA,XII (MA),MA,Senin,08:30,09:30,2,Kelas C,
PBQ-2021-010,EKONOMI,XII (MA),MA,Senin,10:00,11:00,2,Kelas C,
PBQ-2021-010,EKONOMI,X (MA),MA,Selasa,07:30,08:30,2,Kelas A,
PBQ-2020-008,BIOLOGI,X (MA),MA,Selasa,08:30,09:30,2,Kelas A,
PBQ-2021-014,FISIKA,X (MA),MA,Selasa,10:00,11:00,2,Kelas A,
PBQ-2020-007,MATEMATIKA,XI (SMK),SMK,Selasa,07:30,08:30,2,Kelas B,
PBQ-2021-010,DASAR-DASAR FOTOGRAFI,XI DKV (SMK),SMK,Selasa,08:30,09:30,2,Kelas B,
PBQ-2020-007,KOMPOSISI TIPOGRAFI,XI DKV (SMK),SMK,Selasa,10:00,11:00,2,Kelas B,
PBQ-2021-014,FISIKA,XII (MA),MA,Selasa,07:30,08:30,2,Kelas C,
PBQ-2022-019,BAHASA INGGRIS,XII (MA),MA,Selasa,08:30,09:30,2,Kelas C,
PBQ-2020-008,ETIKA PROFESI,XI AKL (SMK),SMK,Selasa,10:00,11:00,2,Kelas B,
PBQ-2020-008,KIMIA,X (MA),MA,Rabu,07:30,08:30,2,Kelas A,
PBQ-2022-019,BAHASA INGGRIS,X (MA),MA,Rabu,08:30,09:30,2,Kelas A,
PBQ-2021-014,FISIKA,X (MA),MA,Rabu,10:00,11:00,2,Kelas A,
PBQ-2026-026,PERBANKAN,XI AKL (SMK),SMK,Rabu,07:30,08:30,2,Kelas B,
PBQ-2020-007,SPREADSHEET,XI AKL (SMK),SMK,Rabu,08:30,09:30,2,Kelas B,
PBQ-2018-002,PROJECT IPAS,XI (SMK),SMK,Rabu,10:00,11:00,2,Kelas B,
PBQ-2020-007,MATEMATIKA,XII (MA),MA,Rabu,07:30,08:30,2,Kelas C,
PBQ-2018-002,BIOLOGI,XII (MA),MA,Rabu,08:30,09:30,2,Kelas C,
PBQ-2022-019,BAHASA INGGRIS,XII (MA),MA,Rabu,10:00,11:00,2,Kelas C,
PBQ-2018-002,BAHASA INDONESIA,X (MA),MA,Kamis,07:30,08:30,2,Kelas A,
PBQ-2018-002,PROJEK IPAS BIOLOGI,X (MA),MA,Kamis,08:30,09:30,2,Kelas A,
PBQ-2021-014,MATEMATIKA,X (MA),MA,Kamis,10:00,11:00,2,Kelas A,
PBQ-2021-014,DASAR-DASAR DKV,XI DKV (SMK),SMK,Kamis,07:30,08:30,2,Kelas B,
PBQ-2022-019,ADMINISTRASI UMUM,XI AKL (SMK),SMK,Kamis,07:30,08:30,2,Kelas B,
PBQ-2018-002,AKUNTANSI PASAR,XI AKL (SMK),SMK,Kamis,08:30,09:30,2,Kelas B,
PBQ-2021-010,SKETSA DAN ILUSTRASI,XI DKV (SMK),SMK,Kamis,08:30,09:30,2,Kelas B,
PBQ-2018-002,BAHASA INDONESIA,XI (SMK),SMK,Kamis,10:00,11:00,2,Kelas B,
PBQ-2018-002,BAHASA INDONESIA,XII (MA),MA,Kamis,07:30,08:30,2,Kelas C,
PBQ-2020-007,MATEMATIKA,XII (MA),MA,Kamis,08:30,09:30,2,Kelas C,
PBQ-2020-008,KIMIA,XII (MA),MA,Kamis,10:00,11:00,2,Kelas C,
PBQ-2022-019,SEJARAH,X (MA),MA,Jumat,07:30,08:30,2,Kelas A,
PBQ-2022-019,BAHASA INGGRIS,X (MA),MA,Jumat,08:30,09:30,2,Kelas A,
PBQ-2020-007,MATEMATIKA,XI (SMK),SMK,Jumat,07:30,08:30,2,Kelas B,
PBQ-2021-010,SEJARAH,XI (SMK),SMK,Jumat,08:30,09:30,2,Kelas B,
PBQ-2021-010,SEJARAH,XII (MA),MA,Jumat,07:30,08:30,2,Kelas C,
PBQ-2020-008,KIMIA,XII (MA),MA,Jumat,08:30,09:30,2,Kelas C,