"NIP Guru","Mata Pelajaran","Kelas","Unit","Hari","Jam Mulai","Jam Selesai","Jumlah JP","Ruangan"
"PBQ-2026-011","Akhlaq","AWWAL","PESANTREN","Senin","13:00","14:00","1","GEDUNG B LANTAI 1 KANAN"
"PBQ-2026-020","Fiqh","AWWAL","PESANTREN","Senin","14:00","15:00","1","GEDUNG B LANTAI 1 KANAN"
"PBQ-2026-019","Bahasa Arab","AWWAL","PESANTREN","Selasa","13:00","14:00","1","GEDUNG B LANTAI 1 KANAN"
"PBQ-2026-017","Tajwid","AWWAL","PESANTREN","Selasa","14:00","15:00","1","GEDUNG B LANTAI 1 KANAN"
"PBQ-2026-010","Hadits","AWWAL","PESANTREN","Rabu","13:00","14:00","1","GEDUNG B LANTAI 1 KANAN"
"PBQ-2026-011","Tarikh","AWWAL","PESANTREN","Rabu","14:00","15:00","1","GEDUNG B LANTAI 1 KANAN"
"PBQ-2026-019","Bahasa Arab","AWWAL","PESANTREN","Kamis","13:00","14:00","1","GEDUNG B LANTAI 1 KANAN"
"PBQ-2026-020","Fiqh","AWWAL","PESANTREN","Kamis","14:00","15:00","1","GEDUNG B LANTAI 1 KANAN"
"PBQ-2026-003","Kitabah","AWWAL","PESANTREN","Jumat","14:00","15:00","1","GEDUNG B LANTAI 1 KANAN"
"PBQ-2026-007","Nahwu","TSANI","PESANTREN","Senin","13:00","14:00","1","GEDUNG B LANTAI 1 KIRI"
"PBQ-2026-001","Tarikh","TSANI","PESANTREN","Senin","14:00","15:00","1","GEDUNG B LANTAI 1 KIRI"
"PBQ-2026-004","Bahasa Arab","TSANI","PESANTREN","Selasa","13:00","14:00","1","GEDUNG B LANTAI 1 KIRI"
"PBQ-2026-033","Imla","TSANI","PESANTREN","Selasa","14:00","15:00","1","GEDUNG B LANTAI 1 KIRI"
"PBQ-2026-007","Nahwu","TSANI","PESANTREN","Rabu","13:00","14:00","1","GEDUNG B LANTAI 1 KIRI"
"PBQ-2026-018","Shorof","TSANI","PESANTREN","Rabu","14:00","15:00","1","GEDUNG B LANTAI 1 KIRI"
"PBQ-2026-017","Tajwid","TSANI","PESANTREN","Kamis","13:00","14:00","1","GEDUNG B LANTAI 1 KIRI"
"PBQ-2026-003","Fiqh","TSANI","PESANTREN","Kamis","14:00","15:00","1","GEDUNG B LANTAI 1 KIRI"
"PBQ-2026-001","Tarikh","TSANI","PESANTREN","Jumat","14:00","15:00","1","GEDUNG B LANTAI 1 KIRI"
"PBQ-2026-012","Tarikh","TSALITS","PESANTREN","Senin","13:00","14:00","1","GEDUNG B LANTAI 2 KANAN"
"PBQ-2026-007","Nahwu","TSALITS","PESANTREN","Senin","14:00","15:00","1","GEDUNG B LANTAI 2 KANAN"
"PBQ-2026-033","Bahasa Arab","TSALITS","PESANTREN","Selasa","13:00","14:00","1","GEDUNG B LANTAI 2 KANAN"
"PBQ-2026-005","Fiqh","TSALITS","PESANTREN","Selasa","14:00","15:00","1","GEDUNG B LANTAI 2 KANAN"
"PBQ-2026-004","Ta'lim Muta'allim","TSALITS","PESANTREN","Rabu","13:00","14:00","1","GEDUNG B LANTAI 2 KANAN"
"PBQ-2026-012","Tarikh","TSALITS","PESANTREN","Rabu","14:00","15:00","1","GEDUNG B LANTAI 2 KANAN"
"PBQ-2026-007","Nahwu","TSALITS","PESANTREN","Kamis","13:00","14:00","1","GEDUNG B LANTAI 2 KANAN"
"PBQ-2026-018","Shorof","TSALITS","PESANTREN","Kamis","14:00","15:00","1","GEDUNG B LANTAI 2 KANAN"
"PBQ-2026-010","Hadits","TSALITS","PESANTREN","Jumat","14:00","15:00","1","GEDUNG B LANTAI 2 KANAN"
"PBQ-2026-015","Ushul Fiqh","ROBI","PESANTREN","Senin","13:00","14:00","1","GEDUNG A LANTAI 3 DEKAT TANGGA"
"PBQ-2026-009","Tarikh","ROBI","PESANTREN","Senin","14:00","15:00","1","GEDUNG A LANTAI 3 DEKAT TANGGA"
"PBQ-2026-005","Bahasa Arab","ROBI","PESANTREN","Selasa","13:00","14:00","1","GEDUNG A LANTAI 3 DEKAT TANGGA"
"PBQ-2026-009","Tarikh","ROBI","PESANTREN","Selasa","14:00","15:00","1","GEDUNG A LANTAI 3 DEKAT TANGGA"
"PBQ-2026-005","Mustolahul Hadits","ROBI","PESANTREN","Rabu","13:00","14:00","1","GEDUNG A LANTAI 3 DEKAT TANGGA"
"PBQ-2026-014","Nahwu","ROBI","PESANTREN","Rabu","14:00","15:00","1","GEDUNG A LANTAI 3 DEKAT TANGGA"
"PBQ-2026-016","Ulumul Qur'an","ROBI","PESANTREN","Kamis","13:00","14:00","1","GEDUNG A LANTAI 3 DEKAT TANGGA"
"PBQ-2026-014","Nahwu","ROBI","PESANTREN","Kamis","14:00","15:00","1","GEDUNG A LANTAI 3 DEKAT TANGGA"
"PBQ-2026-016","Shorof","ROBI","PESANTREN","Jumat","14:00","15:00","1","GEDUNG A LANTAI 3 DEKAT TANGGA"
"PBQ-2026-009","Tarikh","KHOMIS","PESANTREN","Senin","13:00","14:00","1","GEDUNG A LANTAI 3 UJUNG"
"PBQ-2026-016","Shorof","KHOMIS","PESANTREN","Senin","14:00","15:00","1","GEDUNG A LANTAI 3 UJUNG"
"PBQ-2026-013","Nahwu","KHOMIS","PESANTREN","Selasa","13:00","14:00","1","GEDUNG A LANTAI 3 UJUNG"
"PBQ-2026-015","Faroidh","KHOMIS","PESANTREN","Selasa","14:00","15:00","1","GEDUNG A LANTAI 3 UJUNG"
"PBQ-2026-014","Bahasa Arab","KHOMIS","PESANTREN","Rabu","13:00","14:00","1","GEDUNG A LANTAI 3 UJUNG"
"PBQ-2026-013","Tafsir","KHOMIS","PESANTREN","Rabu","14:00","15:00","1","GEDUNG A LANTAI 3 UJUNG"
"PBQ-2026-014","Bahasa Arab","KHOMIS","PESANTREN","Kamis","13:00","14:00","1","GEDUNG A LANTAI 3 UJUNG"
"PBQ-2026-005","Fiqh Bulughul Maram","KHOMIS","PESANTREN","Kamis","14:00","15:00","1","GEDUNG A LANTAI 3 UJUNG"
"PBQ-2026-009","Tarikh","KHOMIS","PESANTREN","Jumat","14:00","15:00","1","GEDUNG A LANTAI 3 UJUNG"
"PBQ-2026-016","Ilmu Mantiq","SADIS","PESANTREN","Senin","13:00","14:00","1","GEDUNG B LANTAI 2 KIRI"
"PBQ-2026-015","Balaghoh","SADIS","PESANTREN","Senin","14:00","15:00","1","GEDUNG B LANTAI 2 KIRI"
"PBQ-2026-015","Balaghoh","SADIS","PESANTREN","Selasa","13:00","14:00","1","GEDUNG B LANTAI 2 KIRI"
"PBQ-2026-013","Nahwu","SADIS","PESANTREN","Selasa","14:00","15:00","1","GEDUNG B LANTAI 2 KIRI"
"PBQ-2026-013","Fiqh Fathul Qorib","SADIS","PESANTREN","Rabu","13:00","14:00","1","GEDUNG B LANTAI 2 KIRI"
"PBQ-2026-005","Fiqh Hijab","SADIS","PESANTREN","Rabu","14:00","15:00","1","GEDUNG B LANTAI 2 KIRI"
"PBQ-2026-013","Fiqh Fathul Qorib","SADIS","PESANTREN","Kamis","13:00","14:00","1","GEDUNG B LANTAI 2 KIRI"
"PBQ-2026-013","Nahwu","SADIS","PESANTREN","Kamis","14:00","15:00","1","GEDUNG B LANTAI 2 KIRI"
"PBQ-2026-014","Tafsir","SADIS","PESANTREN","Jumat","14:00","15:00","1","GEDUNG B LANTAI 2 KIRI"
